Product Name,Reviews
"Arni 3 in 1 Large Sink Set Dish Rack Drainer with Tray for Kitchen,Dish Rack Organizers, Plastic Kitchen Rack Dish Drainer Kitchen Rack (Plastic) Dish Drainer Kitchen Rack  (Plastic)","Sink side dish rack drainer  I found the produce, dish rack drainer very handy, no mess around with usual water spill. Leaves the place dry. I would strongly recommend to buy this product."
"Arni 3 in 1 Large Sink Set Dish Rack Drainer with Tray for Kitchen,Dish Rack Organizers, Plastic Kitchen Rack Dish Drainer Kitchen Rack (Plastic) Dish Drainer Kitchen Rack  (Plastic)",Compact dish rack drainer  Quality and compact drainer for small family... Thank you Snapdeal team...
"Arni 3 in 1 Large Sink Set Dish Rack Drainer with Tray for Kitchen,Dish Rack Organizers, Plastic Kitchen Rack Dish Drainer Kitchen Rack (Plastic) Dish Drainer Kitchen Rack  (Plastic)","Small but useful.  Although somewhat small in size, but still it will solve the purpose. Moreover, it's made with good quality material & nice manufacturing design."
"Arni 3 in 1 Large Sink Set Dish Rack Drainer with Tray for Kitchen,Dish Rack Organizers, Plastic Kitchen Rack Dish Drainer Kitchen Rack (Plastic) Dish Drainer Kitchen Rack  (Plastic)",snapdeal  Good product worth buying
"Arni 3 in 1 Large Sink Set Dish Rack Drainer with Tray for Kitchen,Dish Rack Organizers, Plastic Kitchen Rack Dish Drainer Kitchen Rack (Plastic) Dish Drainer Kitchen Rack  (Plastic)",dish rack drainer  It's good for a small family.
"Arni 3 in 1 Large Sink Set Dish Rack Drainer with Tray for Kitchen,Dish Rack Organizers, Plastic Kitchen Rack Dish Drainer Kitchen Rack (Plastic) Dish Drainer Kitchen Rack  (Plastic)",Arni 3 in one  Very good product 👍
"Arni 3 in 1 Large Sink Set Dish Rack Drainer with Tray for Kitchen,Dish Rack Organizers, Plastic Kitchen Rack Dish Drainer Kitchen Rack (Plastic) Dish Drainer Kitchen Rack  (Plastic)",Good sturdy  Like it good quality and looks good too.
"Arni 3 in 1 Large Sink Set Dish Rack Drainer with Tray for Kitchen,Dish Rack Organizers, Plastic Kitchen Rack Dish Drainer Kitchen Rack (Plastic) Dish Drainer Kitchen Rack  (Plastic)",Excellent 👌  This product is excellent 👌 quality is also good.
"Arni 3 in 1 Large Sink Set Dish Rack Drainer with Tray for Kitchen,Dish Rack Organizers, Plastic Kitchen Rack Dish Drainer Kitchen Rack (Plastic) Dish Drainer Kitchen Rack  (Plastic)",Dish rack drainer  Fully satisfied with the product. Good quality.
"Arni 3 in 1 Large Sink Set Dish Rack Drainer with Tray for Kitchen,Dish Rack Organizers, Plastic Kitchen Rack Dish Drainer Kitchen Rack (Plastic) Dish Drainer Kitchen Rack  (Plastic)",Everything fine  I like the product
"Nut Toppers Arabian Dates, 800 g (400g x 2)","Oct 13, 2022Thank You So Much Snapdeal ❤️❤️❤️😍😍😍Product Quality Very Good"
"Nut Toppers Arabian Dates, 800 g (400g x 2)",Bad doesn't eat Worrest quality product
"Nut Toppers Arabian Dates, 800 g (400g x 2)",Quality is very worst.  Dates is poor quality.
"Nut Toppers Arabian Dates, 800 g (400g x 2)","Poor quality of dates  Quality of the dates are not expected, expensive when it compares to quality of the product."
"Nut Toppers Arabian Dates, 800 g (400g x 2)",Poor quality  Sub standard items Ican not like your product Remember want good product
"Nut Toppers Arabian Dates, 800 g (400g x 2)",Dates  Very Bad quality is worse
"Nut Toppers Arabian Dates, 800 g (400g x 2)",Bad doesn't eat  Worrest quality product
"Nut Toppers Arabian Dates, 800 g (400g x 2)",Tasty  Good .but shoul not increase price
"Nut Toppers Arabian Dates, 800 g (400g x 2)",Thank You So Much Snapdeal ❤️❤️❤️😍😍😍 Product Quality Very Good
"Nut Toppers Arabian Dates, 800 g (400g x 2)",Bad smells  Poor quality
DAKADU Pack of 18 Adhesive Hooks for Walls Heavy Duty Utility Hook Transparent Reusable No Drill Wall Hangers for Key Holder Calendars Photo Frame Cloth Decoration Kitchen Tools Bathroom,"Best adhesive hooks quality is good  Isn't best for bathroom, kitchen..."
DAKADU Pack of 18 Adhesive Hooks for Walls Heavy Duty Utility Hook Transparent Reusable No Drill Wall Hangers for Key Holder Calendars Photo Frame Cloth Decoration Kitchen Tools Bathroom,BEST PRODUCT  BEST PRODUCT
DAKADU Pack of 18 Adhesive Hooks for Walls Heavy Duty Utility Hook Transparent Reusable No Drill Wall Hangers for Key Holder Calendars Photo Frame Cloth Decoration Kitchen Tools Bathroom,Sandar  Good itam thanks
DAKADU Pack of 18 Adhesive Hooks for Walls Heavy Duty Utility Hook Transparent Reusable No Drill Wall Hangers for Key Holder Calendars Photo Frame Cloth Decoration Kitchen Tools Bathroom,Good quality  Great hoocks but little bit expensive
DAKADU Pack of 18 Adhesive Hooks for Walls Heavy Duty Utility Hook Transparent Reusable No Drill Wall Hangers for Key Holder Calendars Photo Frame Cloth Decoration Kitchen Tools Bathroom,Excellent  Valuable money to good
DAKADU Pack of 18 Adhesive Hooks for Walls Heavy Duty Utility Hook Transparent Reusable No Drill Wall Hangers for Key Holder Calendars Photo Frame Cloth Decoration Kitchen Tools Bathroom,Thanks  Awesome ❤️
DAKADU Pack of 18 Adhesive Hooks for Walls Heavy Duty Utility Hook Transparent Reusable No Drill Wall Hangers for Key Holder Calendars Photo Frame Cloth Decoration Kitchen Tools Bathroom,"Useful thing  My guess is right,really it is very good 👍"
DAKADU Pack of 18 Adhesive Hooks for Walls Heavy Duty Utility Hook Transparent Reusable No Drill Wall Hangers for Key Holder Calendars Photo Frame Cloth Decoration Kitchen Tools Bathroom,Dakadu  Useful house hold product.
DAKADU Pack of 18 Adhesive Hooks for Walls Heavy Duty Utility Hook Transparent Reusable No Drill Wall Hangers for Key Holder Calendars Photo Frame Cloth Decoration Kitchen Tools Bathroom,Product is very poor bcoz huook are not hanging weight.  Product is very poor. Bad quality.
DAKADU Pack of 18 Adhesive Hooks for Walls Heavy Duty Utility Hook Transparent Reusable No Drill Wall Hangers for Key Holder Calendars Photo Frame Cloth Decoration Kitchen Tools Bathroom,Very good  Very very nice
Leakage Repair Waterproof Tape for Pipe Leakage Roof Water Leakage Solution Alum - Silver Single Sided Duct Tape ( Pack of 1 ),Unsuccessful repair leaks..  Cannot open the tape roll to paste damaged area.Bad quality purpose not served..
Leakage Repair Waterproof Tape for Pipe Leakage Roof Water Leakage Solution Alum - Silver Single Sided Duct Tape ( Pack of 1 ),quality  unproffesional and it wasnt waterproff at all
Leakage Repair Waterproof Tape for Pipe Leakage Roof Water Leakage Solution Alum - Silver Single Sided Duct Tape ( Pack of 1 ),Very very poor quality  Not working in proper form very bad
Leakage Repair Waterproof Tape for Pipe Leakage Roof Water Leakage Solution Alum - Silver Single Sided Duct Tape ( Pack of 1 ),Very poor quality  Very bad quality
Leakage Repair Waterproof Tape for Pipe Leakage Roof Water Leakage Solution Alum - Silver Single Sided Duct Tape ( Pack of 1 ),No quality  I'm not happy with this no quality
Leakage Repair Waterproof Tape for Pipe Leakage Roof Water Leakage Solution Alum - Silver Single Sided Duct Tape ( Pack of 1 ),It's OK It's perfect for for stop leakage
Leakage Repair Waterproof Tape for Pipe Leakage Roof Water Leakage Solution Alum - Silver Single Sided Duct Tape ( Pack of 1 ),"Poor quality  Not aure seems to be old, gum not at all working. Not sticking to any of the surface."
Leakage Repair Waterproof Tape for Pipe Leakage Roof Water Leakage Solution Alum - Silver Single Sided Duct Tape ( Pack of 1 ),Not good product This is not at all use for my leakage ceiling.i have put the layers of this waterproof tapes but it did not remain for 15 mins.that whole tapes came o read more
Leakage Repair Waterproof Tape for Pipe Leakage Roof Water Leakage Solution Alum - Silver Single Sided Duct Tape ( Pack of 1 ),Bad quality  Very bad quality
Leakage Repair Waterproof Tape for Pipe Leakage Roof Water Leakage Solution Alum - Silver Single Sided Duct Tape ( Pack of 1 ),"Weast of this product  Don't buy this product,,,,,"
Ezzi Deals 360 Degree Rotating Magic Bucket Spin Mop Set  (Color as per availability),Ezzi mop as the name itself suggests!!  As the name itself suggests it is seriously very easy to assemble and use it too. It is very user friendly. It is light in weight and also we can remove the excess water easily by spinning the mop. It is very reasonably priced too. Keep rocking Snapdeal!! I have had a great experience shopping at Snapdeal as always.
Ezzi Deals 360 Degree Rotating Magic Bucket Spin Mop Set  (Color as per availability),Ezzi Deals 360 Degree Rotating Magic Bucket Mop  Great Buy!!! Value for money. Easy to use
Ezzi Deals 360 Degree Rotating Magic Bucket Spin Mop Set  (Color as per availability),"Mar 22, 2016Excellent Productvery useful and makes my work easier. Good product ."
Ezzi Deals 360 Degree Rotating Magic Bucket Spin Mop Set  (Color as per availability),Excellent Product  very useful and makes my work easier. Good product .
Ezzi Deals 360 Degree Rotating Magic Bucket Spin Mop Set  (Color as per availability),Awesome product  It save time cleans floor very well and thus is a good product
Ezzi Deals 360 Degree Rotating Magic Bucket Spin Mop Set  (Color as per availability),Very nice product  Very nice product.. I m satisfied with this product.
Ezzi Deals 360 Degree Rotating Magic Bucket Spin Mop Set  (Color as per availability),360 degree rotating magic bucket mop  I like this product vry much n specially snapdeal service its replacement process is so easy n awesome.. And delivery is vry fast
Ezzi Deals 360 Degree Rotating Magic Bucket Spin Mop Set  (Color as per availability),Excellent service  Good qualities and timeline delivery excellent service centre costumer
Ezzi Deals 360 Degree Rotating Magic Bucket Spin Mop Set  (Color as per availability),"All round saviour  It is light and easy to use, Easily slides in all nook and corner and gives you an effortless experience"
Ezzi Deals 360 Degree Rotating Magic Bucket Spin Mop Set  (Color as per availability),Super  Super rrrrrtttttttt
Gazal Fashions - Wine Banarasi Silk Saree With Blouse Piece ( Pack of 1 ),Product quality very good 👌👌  Ek number sari product quality Awesome 👍👌👌
Gazal Fashions - Wine Banarasi Silk Saree With Blouse Piece ( Pack of 1 ),Good product  Nice quality
Gazal Fashions - Wine Banarasi Silk Saree With Blouse Piece ( Pack of 1 ),Very good quality  Very good10
Gazal Fashions - Wine Banarasi Silk Saree With Blouse Piece ( Pack of 1 ),Very very nice  Beautiful product
Gazal Fashions - Wine Banarasi Silk Saree With Blouse Piece ( Pack of 1 ),Great deal  This is very nice product and color also price is also good.
Gazal Fashions - Wine Banarasi Silk Saree With Blouse Piece ( Pack of 1 ),Nice product  Satisfactory
Gazal Fashions - Wine Banarasi Silk Saree With Blouse Piece ( Pack of 1 ),Great deal  The meterial of this saree is the same soon I like this product worth it
Gazal Fashions - Wine Banarasi Silk Saree With Blouse Piece ( Pack of 1 ),Khub sundar  Verry good
Gazal Fashions - Wine Banarasi Silk Saree With Blouse Piece ( Pack of 1 ),Good cloth  Nice colour
Gazal Fashions - Wine Banarasi Silk Saree With Blouse Piece ( Pack of 1 ),"Attractive Product.  I GAVE IT AS A GIFT TO SOMEONE, AND SHE HAS SATISFIED THAT IS ENOUGH FOR ME. TQ."
RAGE GAZE - Brown PU Men's Regular Wallet ( Pack of 1 ),Card cover Looks very cheap product.
RAGE GAZE - Brown PU Men's Regular Wallet ( Pack of 1 ),"Awesome ! That product is awesome very nice a a good quality and as well the delivery , packaging , are also very nice it's a very good deal the wallet is read more"
RAGE GAZE - Brown PU Men's Regular Wallet ( Pack of 1 ),Wallet  Not good product
RAGE GAZE - Brown PU Men's Regular Wallet ( Pack of 1 ),"Aug 31, 2022Very good qualityOsm quality"
RAGE GAZE - Brown PU Men's Regular Wallet ( Pack of 1 ),Very small size  Money waste
RAGE GAZE - Brown PU Men's Regular Wallet ( Pack of 1 ),Card cover  Looks very cheap product.
RAGE GAZE - Brown PU Men's Regular Wallet ( Pack of 1 ),sharmaji  Bad Quality and no space in this wallet so small
RAGE GAZE - Brown PU Men's Regular Wallet ( Pack of 1 ),"Worst experience  In image it was big ,but it's very small n not nice"
RAGE GAZE - Brown PU Men's Regular Wallet ( Pack of 1 ),Ritun  Pasand nahi hai on
RAGE GAZE - Brown PU Men's Regular Wallet ( Pack of 1 ),Very small size  Verry small size product
"SH NASIMA - Home Storage Cloth Bags, Saree, Suits, Blouse, Blanket Organiser for Underbed, Almirah (Pack of 3)",home Storage Cloth Bags  quality very bad
"SH NASIMA - Home Storage Cloth Bags, Saree, Suits, Blouse, Blanket Organiser for Underbed, Almirah (Pack of 3)",Not of my expectations  The boxes need bit of stiffness on all sides.The bottom needs a sid support card board or any stiff material for ease of handling and packing.
"SH NASIMA - Home Storage Cloth Bags, Saree, Suits, Blouse, Blanket Organiser for Underbed, Almirah (Pack of 3)",It's aa low quality product It's a poor quality cloth cover
"SH NASIMA - Home Storage Cloth Bags, Saree, Suits, Blouse, Blanket Organiser for Underbed, Almirah (Pack of 3)",Quality  There is no propersupport and quality is not as expected.
"SH NASIMA - Home Storage Cloth Bags, Saree, Suits, Blouse, Blanket Organiser for Underbed, Almirah (Pack of 3)",Quality  Not strong plastic as i expected
"SH NASIMA - Home Storage Cloth Bags, Saree, Suits, Blouse, Blanket Organiser for Underbed, Almirah (Pack of 3)",Quality  Poor very bad
"SH NASIMA - Home Storage Cloth Bags, Saree, Suits, Blouse, Blanket Organiser for Underbed, Almirah (Pack of 3)",Quality not good  I see this item in photo but actually received this item I am not satisfied
"SH NASIMA - Home Storage Cloth Bags, Saree, Suits, Blouse, Blanket Organiser for Underbed, Almirah (Pack of 3)","Shnasima Good quality, useful products"
"SH NASIMA - Home Storage Cloth Bags, Saree, Suits, Blouse, Blanket Organiser for Underbed, Almirah (Pack of 3)",Quality is not too good but ok  Money valued
"SH NASIMA - Home Storage Cloth Bags, Saree, Suits, Blouse, Blanket Organiser for Underbed, Almirah (Pack of 3)",Poor material and very small size  Poor quality
Topware Faux Leather Brown Casual Regular Wallet Leather Brown Casual Regular Wallet,Good quality  Nice good price
Topware Faux Leather Brown Casual Regular Wallet Leather Brown Casual Regular Wallet,"Nov 17, 2019Good123That much not good,it's very hard ,not smooth ..but ok ok product.tq Snapdeal."
Topware Faux Leather Brown Casual Regular Wallet Leather Brown Casual Regular Wallet,Leather brown wallet  Good quality
Topware Faux Leather Brown Casual Regular Wallet Leather Brown Casual Regular Wallet,Nice quality  Quick delivery I love Snapdeal thank you so much
Topware Faux Leather Brown Casual Regular Wallet Leather Brown Casual Regular Wallet,Good product  Good product
Topware Faux Leather Brown Casual Regular Wallet Leather Brown Casual Regular Wallet,"Wallet  Nice 👍, worth to buy this wallet."
Topware Faux Leather Brown Casual Regular Wallet Leather Brown Casual Regular Wallet,Dali Chand  Very good Very nice
Topware Faux Leather Brown Casual Regular Wallet Leather Brown Casual Regular Wallet,Ranjith  Good supply for Good's
Topware Faux Leather Brown Casual Regular Wallet Leather Brown Casual Regular Wallet,"Sep 20, 2019best producti love this product"
Topware Faux Leather Brown Casual Regular Wallet Leather Brown Casual Regular Wallet,Nice quality  Good product
Sambhav Deals - Tan PU Men's Regular Wallet ( Pack of 1 ),Wallet  Goodquality
Sambhav Deals - Tan PU Men's Regular Wallet ( Pack of 1 ),Fantastic product  Wonderful product & best price
Sambhav Deals - Tan PU Men's Regular Wallet ( Pack of 1 ),Top product  जबरदस्त चीज है
Sambhav Deals - Tan PU Men's Regular Wallet ( Pack of 1 ),நன்றாக உள்ளது  நன்றாக உள்ளது
Sambhav Deals - Tan PU Men's Regular Wallet ( Pack of 1 ),Very good product  This is nice product 👍👍
Sambhav Deals - Tan PU Men's Regular Wallet ( Pack of 1 ),Nice product  Nice behaviour of delivery man
Sambhav Deals - Tan PU Men's Regular Wallet ( Pack of 1 ),Very nice .... Good quality in this price  Great ...... Wow
Sambhav Deals - Tan PU Men's Regular Wallet ( Pack of 1 ),"Snapdeal a best deal for Customers.  The products sold through Snapdeal are all of good quality, which I bought and very reasonably priced too. Wishing the best for Snapdeal and their business participants/suppliers a huge success. As a Snapdeal Customer, I have very good satisfaction. Best wishes."
Sambhav Deals - Tan PU Men's Regular Wallet ( Pack of 1 ),Bahut badiya he perfect deal he  Full paisa wasool good product
Sambhav Deals - Tan PU Men's Regular Wallet ( Pack of 1 ),Good quality purse  Quality purse
Glorious - Pink Cotton Women's Front Slit Kurti ( Pack of 1 ),"Very good , nice material and very comfortable  I like it . Cool product"
Glorious - Pink Cotton Women's Front Slit Kurti ( Pack of 1 ),Quality issue  Quality not good .
Glorious - Pink Cotton Women's Front Slit Kurti ( Pack of 1 ),Product  Superb quality
Glorious - Pink Cotton Women's Front Slit Kurti ( Pack of 1 ),Poor quality  Leaves full color after washing. Please don't purcchase it.
Glorious - Pink Cotton Women's Front Slit Kurti ( Pack of 1 ),"Sep 10, 2022Good product 👍Great deal"
Glorious - Pink Cotton Women's Front Slit Kurti ( Pack of 1 ),Print all faded after washing  Print all faded after first washing
Glorious - Pink Cotton Women's Front Slit Kurti ( Pack of 1 ),Quality issue Quality not good .
Glorious - Pink Cotton Women's Front Slit Kurti ( Pack of 1 ),"Shaffu Superb mind blowing quality and product I'm very very happy with this product.. Thankyou snapdeal..,.."
Glorious - Pink Cotton Women's Front Slit Kurti ( Pack of 1 ),"not good product  it started shedding colour, golden comor becoming black.. will not recommend"
Glorious - Pink Cotton Women's Front Slit Kurti ( Pack of 1 ),"Color fading heavily. Not having correct measurements  Very tight somewhere. Very loose . Not in correct measurements. Color is bleeding heavily. After one wash , it looks very bad."
"Double Toning Resistance Tube Pull Rope Elastic Rubber Exercise Band for Stretching, Workout, Home Gym and Toning with Heavy Quality D Shaped Handles",Accha nhi h  Tut gya Tha
"Double Toning Resistance Tube Pull Rope Elastic Rubber Exercise Band for Stretching, Workout, Home Gym and Toning with Heavy Quality D Shaped Handles",Items  Poor quality
"Double Toning Resistance Tube Pull Rope Elastic Rubber Exercise Band for Stretching, Workout, Home Gym and Toning with Heavy Quality D Shaped Handles",Size is too short  Size is too short waist of money I'm very unhappy about this product
"Double Toning Resistance Tube Pull Rope Elastic Rubber Exercise Band for Stretching, Workout, Home Gym and Toning with Heavy Quality D Shaped Handles","About snapdeal I got lots of Product, product quality is very good and better, but problem with shipping. Product ko same me 12/15 din lagjate hai"
"Double Toning Resistance Tube Pull Rope Elastic Rubber Exercise Band for Stretching, Workout, Home Gym and Toning with Heavy Quality D Shaped Handles",Accha nhi h Tut gya Tha
"Double Toning Resistance Tube Pull Rope Elastic Rubber Exercise Band for Stretching, Workout, Home Gym and Toning with Heavy Quality D Shaped Handles","Jun 06, 2022Very wellThat's great product.thankyou Snapdeal..."
"Double Toning Resistance Tube Pull Rope Elastic Rubber Exercise Band for Stretching, Workout, Home Gym and Toning with Heavy Quality D Shaped Handles",Good quality but not sure whether it is gonna last longer  Good quality with such a low price it's worth for money
"Double Toning Resistance Tube Pull Rope Elastic Rubber Exercise Band for Stretching, Workout, Home Gym and Toning with Heavy Quality D Shaped Handles",Poor quality  This product not good Damage or unuseable
"Double Toning Resistance Tube Pull Rope Elastic Rubber Exercise Band for Stretching, Workout, Home Gym and Toning with Heavy Quality D Shaped Handles",Short  Length is short but quality is good
"Double Toning Resistance Tube Pull Rope Elastic Rubber Exercise Band for Stretching, Workout, Home Gym and Toning with Heavy Quality D Shaped Handles",Cord came out.  Rubber cord Deattached every time when stretched what to do
Hetsa - Brown Cotton Blend Women's Straight Kurti ( Pack of 1 ),low quality  low quality product . size shorter
Hetsa - Brown Cotton Blend Women's Straight Kurti ( Pack of 1 ),Very thin dress  Type the thin dress
Hetsa - Brown Cotton Blend Women's Straight Kurti ( Pack of 1 ),Not good.i want to return it  Not good quality
Hetsa - Brown Cotton Blend Women's Straight Kurti ( Pack of 1 ),Poor quality It is poor quality kurti.not cotton.
Hetsa - Brown Cotton Blend Women's Straight Kurti ( Pack of 1 ),Poor quality  Very poor quality product
Hetsa - Brown Cotton Blend Women's Straight Kurti ( Pack of 1 ),Not good  Shoulder is not proper.wierd stitching near shoulder.
Hetsa - Brown Cotton Blend Women's Straight Kurti ( Pack of 1 ),Very good Satisfied with this order
Hetsa - Brown Cotton Blend Women's Straight Kurti ( Pack of 1 ),Not good..  The product is not so good...
Hetsa - Brown Cotton Blend Women's Straight Kurti ( Pack of 1 ),Material shows cotton but fabric is synthetic.  Pls send actual product. These types products made your market values down .so pls take care
Hetsa - Brown Cotton Blend Women's Straight Kurti ( Pack of 1 ),"Oct 06, 2021ExcellentMana jo b liea ha sab asha hi tha jo na acha nahe laga usa return kar date hu bakei sab v nice"
"Set of 02 Underbed Storage Bag, Storage Organizer, Blanket Cover with Front Handle",Very nice  Very good 👍
"Set of 02 Underbed Storage Bag, Storage Organizer, Blanket Cover with Front Handle",As per order  Excellent Service
"Set of 02 Underbed Storage Bag, Storage Organizer, Blanket Cover with Front Handle",😍😍😍wow  That great product
"Set of 02 Underbed Storage Bag, Storage Organizer, Blanket Cover with Front Handle","Superb  Very good product, I am happy with product"
"Set of 02 Underbed Storage Bag, Storage Organizer, Blanket Cover with Front Handle",Superb  The size of starage boxes were large nice storage capacity excellent material also great deal💗💜
"Set of 02 Underbed Storage Bag, Storage Organizer, Blanket Cover with Front Handle",good product  nice product
"Set of 02 Underbed Storage Bag, Storage Organizer, Blanket Cover with Front Handle",Satisfactory  Happy with the product.Very useful and durable
"Set of 02 Underbed Storage Bag, Storage Organizer, Blanket Cover with Front Handle",Good quality. Looking exactly same.  nice quality
"Set of 02 Underbed Storage Bag, Storage Organizer, Blanket Cover with Front Handle","There is no shortage, it is perfect from every angle  A one 👌 Quality"
"Set of 02 Underbed Storage Bag, Storage Organizer, Blanket Cover with Front Handle",Thank you Snapdeal  Best quality good zipper low price
Comey Cotton Blend Regular Fit Full Sleeves Men's Formal Shirt - Green ( Pack of 1 ),The color is small to the neck  Neck portion is small unable to put the tie on.
Comey Cotton Blend Regular Fit Full Sleeves Men's Formal Shirt - Green ( Pack of 1 ),"Fitting is not so great Fabric is good but, cutting and fitting is not. Poor fitting especially in upper and lower arm areas. Very less margins given. You can't wear bod read more"
Comey Cotton Blend Regular Fit Full Sleeves Men's Formal Shirt - Green ( Pack of 1 ),"This is made with poly viscose yarn,no cotton  Wrinkles formed after every time washing, un able to straighten even with top hot ironing.poor quality priced high.I am very unsatisfied with fake fabric"
Comey Cotton Blend Regular Fit Full Sleeves Men's Formal Shirt - Green ( Pack of 1 ),Excellent Very good fabric loved the shirt
Comey Cotton Blend Regular Fit Full Sleeves Men's Formal Shirt - Green ( Pack of 1 ),Expected forget this product.  It is good product. Picture like this color. Cloth was very soft.super.selected size.come from the shop.thank u snapdeal
Comey Cotton Blend Regular Fit Full Sleeves Men's Formal Shirt - Green ( Pack of 1 ),Good for money  Good quality and perfect size
Comey Cotton Blend Regular Fit Full Sleeves Men's Formal Shirt - Green ( Pack of 1 ),Good febric  Shirt febric is okey
Comey Cotton Blend Regular Fit Full Sleeves Men's Formal Shirt - Green ( Pack of 1 ),Good buy  Money wise good buy size is correct fabric is ok .Arm lenth is bit long but manageable. Overall it is cheap buy.
Comey Cotton Blend Regular Fit Full Sleeves Men's Formal Shirt - Green ( Pack of 1 ),"Fitting is not so great  Fabric is good but, cutting and fitting is not. Poor fitting especially in upper and lower arm areas. Very less margins given. You can't wear boddy warmers / thermals underneath. Buttons fixed are not sturdy enough, need re-strenghening."
Comey Cotton Blend Regular Fit Full Sleeves Men's Formal Shirt - Green ( Pack of 1 ),"Sep 25, 2022Good for moneyGood quality and perfect size"
Herbalife Personalized Protein Powder 200 gm Pack of 2,yes..recommended  Using & seeing getting benefits in less than 2months..
Herbalife Personalized Protein Powder 200 gm Pack of 2,Bad Product  जून 2016 की मैन्यूफैक्चरिंग और बहुत ही ख़राब पेकिंग
Herbalife Personalized Protein Powder 200 gm Pack of 2,Weight loss  Good results
Herbalife Personalized Protein Powder 200 gm Pack of 2,Bad Product  The product is not genuine because there is no scen code and the label are cut from one side but I have the product there is no such case . I am a agent of HERBALIFE
Herbalife Personalized Protein Powder 200 gm Pack of 2,Nice product  Good service
Herbalife Personalized Protein Powder 200 gm Pack of 2,Its good  It was great
Herbalife Personalized Protein Powder 200 gm Pack of 2,Bad Product The product is not genuine because there is no scen code and the label are cut from one side but I have the product there is no such case . I am a age read more
Herbalife Personalized Protein Powder 200 gm Pack of 2,excellent price  i have compared the price of this product in many sites and found the price in snapdeal to be very low
Herbalife Personalized Protein Powder 200 gm Pack of 2,Wonder products Awsm awsm awsm no more words . M using it from last 6 months n buying it from snapdeal at very low prices. Gr8 results at very low prices thnks to sna read more
Herbalife Personalized Protein Powder 200 gm Pack of 2,Herbalife protein  Good product and delivery service very fast
Lotus Flower Seeds mix Colors Seeds For Home Garden 20 Seeds + free seed,Lotus seed  Only one seed germinat
Lotus Flower Seeds mix Colors Seeds For Home Garden 20 Seeds + free seed,"Poor quality  Not a single seed grew, let alone bloomed. Total loss of money, effort and time."
Lotus Flower Seeds mix Colors Seeds For Home Garden 20 Seeds + free seed,Useful  Great product
Lotus Flower Seeds mix Colors Seeds For Home Garden 20 Seeds + free seed,"Not grown after 1 month,it's fake  Very bad seeds,not grown after 1 month"
Lotus Flower Seeds mix Colors Seeds For Home Garden 20 Seeds + free seed,Poor Qwality of seeds  Not a single seed gave any lotus flower 😭
Lotus Flower Seeds mix Colors Seeds For Home Garden 20 Seeds + free seed,Supper  Supper se bhi upper
Lotus Flower Seeds mix Colors Seeds For Home Garden 20 Seeds + free seed,Lotus seed Only one seed germinat
Lotus Flower Seeds mix Colors Seeds For Home Garden 20 Seeds + free seed,Poor quality  No use. Very poor seeds
Lotus Flower Seeds mix Colors Seeds For Home Garden 20 Seeds + free seed,Very bad  Very bad Lotus seed is very poor quality
Lotus Flower Seeds mix Colors Seeds For Home Garden 20 Seeds + free seed,good packing --- nice seeds good packing --- nice seeds
Analog Kitchenware Kitchen Utility Knife Set of 3U,बेस्ट  खुप छान किचन product
Analog Kitchenware Kitchen Utility Knife Set of 3U,Good product Little bit expensive but quality is awesome 😉
Analog Kitchenware Kitchen Utility Knife Set of 3U,Good product in the market  Sharpness is the most important feature for a cutting knife and we reached the great results in providing the best sharpness of our knives on the market.
Analog Kitchenware Kitchen Utility Knife Set of 3U,Kitchen knives  It's a very useful item for my kitchen....thanks a lot...standard product....great purchase.
Analog Kitchenware Kitchen Utility Knife Set of 3U,Hometales utility knife-3  Very nice for this price-sturdy and sharp-thank you
Analog Kitchenware Kitchen Utility Knife Set of 3U,Cannot use. Will need sharpening.  All the knives are blunt. One had scratches.
Analog Kitchenware Kitchen Utility Knife Set of 3U,Nice product  It was a nice product
Analog Kitchenware Kitchen Utility Knife Set of 3U,"Very sharp knife  All 3 knives are sharp, very sharp. Be careful when you use it. Too good for the price."
Analog Kitchenware Kitchen Utility Knife Set of 3U,Cannot use. Will need sharpening. All the knives are blunt. One had scratches.
Analog Kitchenware Kitchen Utility Knife Set of 3U,"Sharp knifes  Best quality stainless knifes, quality is awesome and thickness is perfect, super sharp, vegetables are cutting in seconds, even hard vegetables and fruits we can cut with these knifes easily, just go for it"
SHARUJA Analog Electric Tester,Supeb Fantastic Sendal tim
SHARUJA Analog Electric Tester,Not satisfied  Not good quality. Tester end it will be aluminium. Not as other tester material
SHARUJA Analog Electric Tester,Nice 🙂  Bahut acha hai 👍👍👍
SHARUJA Analog Electric Tester,Product is expected to be good.  The product is performing. Let's see how lomg it last.
SHARUJA Analog Electric Tester,Electric tester  Nice product
SHARUJA Analog Electric Tester,Quality of product  On receiving the the product i feel it is really the same product which i have ordered.This is extremely good...The product is qualitatively good and satisfactory
SHARUJA Analog Electric Tester,Good in quality  Useful for home
SHARUJA Analog Electric Tester,Bad product  Don't purchase 😭
SHARUJA Analog Electric Tester,Negative Down quality
SHARUJA Analog Electric Tester,Negative  Down quality
"Lawn Grass seed - 3000 seeds/Pack, Instruction Manual Inside Package",Very bad  Very bad quality
"Lawn Grass seed - 3000 seeds/Pack, Instruction Manual Inside Package",Worse product  Waste of money
"Lawn Grass seed - 3000 seeds/Pack, Instruction Manual Inside Package",Bad seed  Do not take this product
"Lawn Grass seed - 3000 seeds/Pack, Instruction Manual Inside Package",Poor quality  Not even a seed has germinated. Complete waste of money.
"Lawn Grass seed - 3000 seeds/Pack, Instruction Manual Inside Package",Poor quality seeds  It doesn't grow I did exactly as in the manual
"Lawn Grass seed - 3000 seeds/Pack, Instruction Manual Inside Package",Not germinated. Seeds are not germinated. Still watering.
"Lawn Grass seed - 3000 seeds/Pack, Instruction Manual Inside Package",Five Stars Extra ordinary
"Lawn Grass seed - 3000 seeds/Pack, Instruction Manual Inside Package",Not good  It is not good bcz they are expirey
"Lawn Grass seed - 3000 seeds/Pack, Instruction Manual Inside Package",One Star  Am not intrested for thid seeds
"Lawn Grass seed - 3000 seeds/Pack, Instruction Manual Inside Package",Use less  Use less never buy this product
JA-50 kg Weight Scale Digital Luggage Weighing Scales Weighing Capacity - 50 Kg Tools Hardware,GREAT DEALS The product are good quality And the deal also awesome We can't find this price on wholesale shop
JA-50 kg Weight Scale Digital Luggage Weighing Scales Weighing Capacity - 50 Kg Tools Hardware,Very bad  No parcge very bad quality
JA-50 kg Weight Scale Digital Luggage Weighing Scales Weighing Capacity - 50 Kg Tools Hardware,Stopped working with in amonth  Stopped working with in amonth of purchase . Just wastage of money
JA-50 kg Weight Scale Digital Luggage Weighing Scales Weighing Capacity - 50 Kg Tools Hardware,Ye 5kg tak hi thik hai weight karne k liye. Uske upar ye thik se kaam nhi karta  Ye 5kg tak hi thik hai weight karne k liye. Uske upar ye thik se kaam nhi karta. Useless
JA-50 kg Weight Scale Digital Luggage Weighing Scales Weighing Capacity - 50 Kg Tools Hardware,Weighing balance Weighing balance is not reliable as it gives wrong readings
JA-50 kg Weight Scale Digital Luggage Weighing Scales Weighing Capacity - 50 Kg Tools Hardware,One month bhi nhi chala  Poor quality
JA-50 kg Weight Scale Digital Luggage Weighing Scales Weighing Capacity - 50 Kg Tools Hardware,No show proper weight  Wrost no perfect weight
JA-50 kg Weight Scale Digital Luggage Weighing Scales Weighing Capacity - 50 Kg Tools Hardware,jai ambay  not company jai ambay this is local i am return this
JA-50 kg Weight Scale Digital Luggage Weighing Scales Weighing Capacity - 50 Kg Tools Hardware,"Not good, don't buy this product  Not good, don't buy this product"
JA-50 kg Weight Scale Digital Luggage Weighing Scales Weighing Capacity - 50 Kg Tools Hardware,"Oct 05, 2022SatisfiedVery nice product"
Campus TERMINATOR (N) Black Running Shoes,Excellent  Great quality
Campus TERMINATOR (N) Black Running Shoes,Bahut achhi Quality  Good product
Campus TERMINATOR (N) Black Running Shoes,Good product  Good product
Campus TERMINATOR (N) Black Running Shoes,Awadhraj  Excellent product
Campus TERMINATOR (N) Black Running Shoes,Very good product  Nice product
Campus TERMINATOR (N) Black Running Shoes,Excellent  Excellent product
Campus TERMINATOR (N) Black Running Shoes,Great  Great 👍oooooooo
Campus TERMINATOR (N) Black Running Shoes,Osm quality  Best product
Campus TERMINATOR (N) Black Running Shoes,"Super  Super quality verry nice tq snpdeal,😊😊😊"
Campus TERMINATOR (N) Black Running Shoes,Good colour  Looking good 😊😊
ASIAN Green Men's Sports Running Shoes,I am really very happy  i am really very happy it's super thank you so much
ASIAN Green Men's Sports Running Shoes,Shoes  Superb qualities tnx too snapdeal for owsome products...
ASIAN Green Men's Sports Running Shoes,Amazing  Superb quality
ASIAN Green Men's Sports Running Shoes,great deal  Very nice shooes
ASIAN Green Men's Sports Running Shoes,Supar  Nice 👌👌👌
ASIAN Green Men's Sports Running Shoes,"Mar 19, 2022Perfect matchNice product I love it.quality is best"
ASIAN Green Men's Sports Running Shoes,Best product  As per product rate it is good .I use it for 12t months continuouly...
ASIAN Green Men's Sports Running Shoes,Quality  Great quality and shoes
ASIAN Green Men's Sports Running Shoes,Happy  Good product 👍 Whight less & smooth
ASIAN Green Men's Sports Running Shoes,Super  Nice product
Allamwar 12pcs Stainless Steel Cookie Cutter Set Pastry Cookie Biscuit Cutter Cake Muffin Decor Mold Mould Multi Functional Tool,Bad qulity Not qulity
Allamwar 12pcs Stainless Steel Cookie Cutter Set Pastry Cookie Biscuit Cutter Cake Muffin Decor Mold Mould Multi Functional Tool,"Quality  Good quality,best for cookies cutting."
Allamwar 12pcs Stainless Steel Cookie Cutter Set Pastry Cookie Biscuit Cutter Cake Muffin Decor Mold Mould Multi Functional Tool,Low quality  Quality is not much as expectation. Packaging was not good
Allamwar 12pcs Stainless Steel Cookie Cutter Set Pastry Cookie Biscuit Cutter Cake Muffin Decor Mold Mould Multi Functional Tool,Useful product  Good quality
Allamwar 12pcs Stainless Steel Cookie Cutter Set Pastry Cookie Biscuit Cutter Cake Muffin Decor Mold Mould Multi Functional Tool,Good items  Very good quality
Allamwar 12pcs Stainless Steel Cookie Cutter Set Pastry Cookie Biscuit Cutter Cake Muffin Decor Mold Mould Multi Functional Tool,it's quality is very bad  Very good 👎
Allamwar 12pcs Stainless Steel Cookie Cutter Set Pastry Cookie Biscuit Cutter Cake Muffin Decor Mold Mould Multi Functional Tool,Bad qulity  Not qulity
Allamwar 12pcs Stainless Steel Cookie Cutter Set Pastry Cookie Biscuit Cutter Cake Muffin Decor Mold Mould Multi Functional Tool,Good quality  Good product
Allamwar 12pcs Stainless Steel Cookie Cutter Set Pastry Cookie Biscuit Cutter Cake Muffin Decor Mold Mould Multi Functional Tool,Gud but small  Size small
Allamwar 12pcs Stainless Steel Cookie Cutter Set Pastry Cookie Biscuit Cutter Cake Muffin Decor Mold Mould Multi Functional Tool,Wonderful Great deal in budget purchase
"2 in 1 Pump Plastic Dispenser for Dishwasher Liquid Holder (Multi Colour, Standard, 385ml)",Not liked  Pump is not working
"2 in 1 Pump Plastic Dispenser for Dishwasher Liquid Holder (Multi Colour, Standard, 385ml)",Quality not good  Material is not good
"2 in 1 Pump Plastic Dispenser for Dishwasher Liquid Holder (Multi Colour, Standard, 385ml)",Very useful Very useful item in kitchen. Go for it
"2 in 1 Pump Plastic Dispenser for Dishwasher Liquid Holder (Multi Colour, Standard, 385ml)",Poor quality... Poor quality pump. Useless.
"2 in 1 Pump Plastic Dispenser for Dishwasher Liquid Holder (Multi Colour, Standard, 385ml)",Total disappointment  Iotally 7nhappy with the product
"2 in 1 Pump Plastic Dispenser for Dishwasher Liquid Holder (Multi Colour, Standard, 385ml)",Not working  Not working
"2 in 1 Pump Plastic Dispenser for Dishwasher Liquid Holder (Multi Colour, Standard, 385ml)",Very bad product  Can't pull dishwasher liquid up. Replaced with same defective product.
"2 in 1 Pump Plastic Dispenser for Dishwasher Liquid Holder (Multi Colour, Standard, 385ml)",Feedback  Rubbish product
"2 in 1 Pump Plastic Dispenser for Dishwasher Liquid Holder (Multi Colour, Standard, 385ml)",Pump is not working  Pump not working
"2 in 1 Pump Plastic Dispenser for Dishwasher Liquid Holder (Multi Colour, Standard, 385ml)",Worst product  Not working propely after 2-3 days
"Stainless Steel Vestire Manual Hand Blender for Egg & Cream Beater, Milkshake, Lassi, Butter Milk Mixer",Quality is low  Low quality product will not go for long....
"Stainless Steel Vestire Manual Hand Blender for Egg & Cream Beater, Milkshake, Lassi, Butter Milk Mixer",Quality is low Low quality product will not go for long....
"Stainless Steel Vestire Manual Hand Blender for Egg & Cream Beater, Milkshake, Lassi, Butter Milk Mixer",Not working  It does not work in any liquid so of no use.
"Stainless Steel Vestire Manual Hand Blender for Egg & Cream Beater, Milkshake, Lassi, Butter Milk Mixer",VERY BAD  NO USE NO QUALITY
"Stainless Steel Vestire Manual Hand Blender for Egg & Cream Beater, Milkshake, Lassi, Butter Milk Mixer","Product very good, delivery also excellent 😊  I found the product very good and delivery very nice 😊"
"Stainless Steel Vestire Manual Hand Blender for Egg & Cream Beater, Milkshake, Lassi, Butter Milk Mixer",Super  Super quality of item
"Stainless Steel Vestire Manual Hand Blender for Egg & Cream Beater, Milkshake, Lassi, Butter Milk Mixer","Worst, bad quality ,nt same as shown  Totally differ from pic,bad quality plastic as well as blade"
"Stainless Steel Vestire Manual Hand Blender for Egg & Cream Beater, Milkshake, Lassi, Butter Milk Mixer",Review  Cracked already
"Stainless Steel Vestire Manual Hand Blender for Egg & Cream Beater, Milkshake, Lassi, Butter Milk Mixer",Badiya Excellent👍👍👍👍👍👍
"Stainless Steel Vestire Manual Hand Blender for Egg & Cream Beater, Milkshake, Lassi, Butter Milk Mixer",Nt good  Not good very hard to use
flyfot Kitchenware Plastic Multipurpose Rice Wash Bowl with Handle for Rice V Plastic Strainers 1 Pc,Size was too small  Size was too small
flyfot Kitchenware Plastic Multipurpose Rice Wash Bowl with Handle for Rice V Plastic Strainers 1 Pc,"Oct 03, 2022rice bowlgreat product to use . quality was also great"
flyfot Kitchenware Plastic Multipurpose Rice Wash Bowl with Handle for Rice V Plastic Strainers 1 Pc,Very nice good product I liked very much and very light to use this product thank you very much 👍👌🙏💐
flyfot Kitchenware Plastic Multipurpose Rice Wash Bowl with Handle for Rice V Plastic Strainers 1 Pc,Smaller than Expected Very small in size. Unable to use for 4 people.
flyfot Kitchenware Plastic Multipurpose Rice Wash Bowl with Handle for Rice V Plastic Strainers 1 Pc,About bowl  It's too small in size
flyfot Kitchenware Plastic Multipurpose Rice Wash Bowl with Handle for Rice V Plastic Strainers 1 Pc,"Too small, quality bad.  Bad quality.product size too small.Pradosh, Odisha.754141"
flyfot Kitchenware Plastic Multipurpose Rice Wash Bowl with Handle for Rice V Plastic Strainers 1 Pc,Poor Quality  No money value
flyfot Kitchenware Plastic Multipurpose Rice Wash Bowl with Handle for Rice V Plastic Strainers 1 Pc,Very Small....  Very small product
flyfot Kitchenware Plastic Multipurpose Rice Wash Bowl with Handle for Rice V Plastic Strainers 1 Pc,Worst  Poor quality as regards to price
flyfot Kitchenware Plastic Multipurpose Rice Wash Bowl with Handle for Rice V Plastic Strainers 1 Pc,"Very small  Low quality, very small, not useful"
chopwell Red Plastic Manual Kitchen Chopper 450 ml ( Pack of 1 ),"May 16, 2022Super superI like it super"
chopwell Red Plastic Manual Kitchen Chopper 450 ml ( Pack of 1 ),Lid Fitting problem  Lid is not fitting properly other wise ok
chopwell Red Plastic Manual Kitchen Chopper 450 ml ( Pack of 1 ),Poor quality  Nothing more than toy.
chopwell Red Plastic Manual Kitchen Chopper 450 ml ( Pack of 1 ),"HOMETALES COMPACT MA.. FDUXCHOPE  I would like to return this ""HOMETALES COMPACT MA.. FDUXCHOPE as it's of poor quality"
chopwell Red Plastic Manual Kitchen Chopper 450 ml ( Pack of 1 ),the price is very high the item price is very high
chopwell Red Plastic Manual Kitchen Chopper 450 ml ( Pack of 1 ),Not working properly.  Its not working as shown.
chopwell Red Plastic Manual Kitchen Chopper 450 ml ( Pack of 1 ),Poor quality Nothing more than toy.
chopwell Red Plastic Manual Kitchen Chopper 450 ml ( Pack of 1 ),Nice product  This quick cutter is very useful. Nice product.
chopwell Red Plastic Manual Kitchen Chopper 450 ml ( Pack of 1 ),Chopper  Bad product..
chopwell Red Plastic Manual Kitchen Chopper 450 ml ( Pack of 1 ),Noisy  It makes lot of unexpected voice while chopping it feels it's going to break soon
BK KART Mixed Nuts 500gm,Its very good to buy.  It was with all good packaging and fresh dry fruits
BK KART Mixed Nuts 500gm,Dry fruits 😋  Best quality and best product
BK KART Mixed Nuts 500gm,Quality Taste also not good...
BK KART Mixed Nuts 500gm,very bad product  ingredients totally substandered. expired
BK KART Mixed Nuts 500gm,Great deal  Very nice product
BK KART Mixed Nuts 500gm,Great deal and good mixture  Nice products and great deal
BK KART Mixed Nuts 500gm,Quality  Taste also not good...
BK KART Mixed Nuts 500gm,Fraud  Very poor quality
BK KART Mixed Nuts 500gm,Dry fruits  Very bad it was...waste of money...not satisfied
BK KART Mixed Nuts 500gm,Nice product Nice product
Shiv Trishul Damru Gold-plated Locket with Rudraksha Mala,Laljeebabu  Very poor quality
Shiv Trishul Damru Gold-plated Locket with Rudraksha Mala,Awesome product Awesome product I liked very much
Shiv Trishul Damru Gold-plated Locket with Rudraksha Mala,Useless item  This is throw away item . Colour changed in 3days and broke on less than a week time.
Shiv Trishul Damru Gold-plated Locket with Rudraksha Mala,📿Quality is good 👍📿Products bill quality is good 👍
Shiv Trishul Damru Gold-plated Locket with Rudraksha Mala,Nice app  Nice app and time 24h ma dalvari
Shiv Trishul Damru Gold-plated Locket with Rudraksha Mala,Poor quality product  First day is locket is broken. Poor quality mala
Shiv Trishul Damru Gold-plated Locket with Rudraksha Mala,Ismain Lord Shiv Trishul Damru Locket to nikla hi nahin Very bad islia h ki ismain Lord Shiv Trishul Damru to nikla hi nahin
Shiv Trishul Damru Gold-plated Locket with Rudraksha Mala,This not real  Bad quality
Shiv Trishul Damru Gold-plated Locket with Rudraksha Mala,Not good  Not good bad quality
Shiv Trishul Damru Gold-plated Locket with Rudraksha Mala,"Plastic made,poor quality  Poor quality product"
"Milton Flip Lid 1000 Thermosteel 24 Hours Hot and Cold Water Bottle with Bag, 1 Litre, Silver","May 12, 2022Fine fishing, insulated, attractive looks specify brand.ऐसे ही 5* नही देते है सब, मेरी तरफ से उत्कृष्ट उत्पाद बनाने के लिए मिल्टन टीम को शुभकामनाए.. deserve appreciation of best quality to move ahead of others in the long way of Milton brand name,"
"Milton Flip Lid 1000 Thermosteel 24 Hours Hot and Cold Water Bottle with Bag, 1 Litre, Silver","Cap is not working properly  Wanted to replace no replace, no response on email also by Milton"
"Milton Flip Lid 1000 Thermosteel 24 Hours Hot and Cold Water Bottle with Bag, 1 Litre, Silver",Not good product is damage recived very poor performance  Out item is picked up on 24/01/17 but refund is not credited on my freerecharge ac
"Milton Flip Lid 1000 Thermosteel 24 Hours Hot and Cold Water Bottle with Bag, 1 Litre, Silver",Got damaged product  I got products which have damaged cap.
"Milton Flip Lid 1000 Thermosteel 24 Hours Hot and Cold Water Bottle with Bag, 1 Litre, Silver",Poor quality  Poor quality
"Milton Flip Lid 1000 Thermosteel 24 Hours Hot and Cold Water Bottle with Bag, 1 Litre, Silver",Flask milton  Not satisfied with the product said that it will have 24 cold and heat but it does not have sam humidity as before isss
"Milton Flip Lid 1000 Thermosteel 24 Hours Hot and Cold Water Bottle with Bag, 1 Litre, Silver","TOO BAD OF A COMPANY very bad way of dealing with customers. i bought this considering all factors like price, cashback etc. you cheated & have not send my cashback vo read more"
"Milton Flip Lid 1000 Thermosteel 24 Hours Hot and Cold Water Bottle with Bag, 1 Litre, Silver",Product was excellent  Product was excellent but delivery was bad as i was travelling for some other place i expected the item on time but it disappointed me due to that i dint able to take it with me.
"Milton Flip Lid 1000 Thermosteel 24 Hours Hot and Cold Water Bottle with Bag, 1 Litre, Silver","Not working  After buying , for a period of 10 months I have used only for 4 - 5 times . After that when I attempted to use it , it was not working . It is not bearing the temperature even for 1 hour"
"Milton Flip Lid 1000 Thermosteel 24 Hours Hot and Cold Water Bottle with Bag, 1 Litre, Silver",BUMPER DEAL.... Milton......name says it all about quality... FEATURES ARE: 1.In product description and pictures they does not show it....BUT yes they provide a very read more
PRd PU Tan Casual regular Wallet,"Mar 19, 2020SuperExcellent wallet"
PRd PU Tan Casual regular Wallet,"Best service Nice handling business before proceeding thanks to my snap deal. Happy to you thanks for bringing quality, pakijing, delivery. The best products selli read more"
PRd PU Tan Casual regular Wallet,"Mar 03, 2020Good qualityGood quality"
PRd PU Tan Casual regular Wallet,"Mar 11, 2021WalletProduct is good but.. Delivery boy was Arogent"
PRd PU Tan Casual regular Wallet,"Feb 11, 2020शानदारमुझे पहली बार स्नैपडील पर शॉपिंग से अद्भुत खुशी हुई कि मेरा प्रोडक्ट उसी रूप में निकला जैसा मैने देखा था"
PRd PU Tan Casual regular Wallet,Disgusting product  It does not have coin packet Secondly the flip never closrs
PRd PU Tan Casual regular Wallet,Bad quality Bad wallet
PRd PU Tan Casual regular Wallet,Bad quality  Bad wallet
PRd PU Tan Casual regular Wallet,not good product  product So bed quality I am not interesting Money is a lot of value
PRd PU Tan Casual regular Wallet,Casual wallet  Side no stich not good
Tantra Fluke Pro Bluetooth Receiver 4.1 Bluetooth Kit for Car (Black),Awesome Product  Would recommend this product those who have no Bluetooth stereo. I have been using this product now for more than a week and it has fulfilled all my needs of a Bluetooth device. Amplified and good sound and call quality.
Tantra Fluke Pro Bluetooth Receiver 4.1 Bluetooth Kit for Car (Black),"Mar 14, 2016Excellent ProductAwesome .My car audio was missing the Bluetooth feature and tantra fluke completed my car.Thank you Tantra .Awesome..."
Tantra Fluke Pro Bluetooth Receiver 4.1 Bluetooth Kit for Car (Black),Review of Tantra car Bluetooth handsfree  Very good sound quality in affordable price
Tantra Fluke Pro Bluetooth Receiver 4.1 Bluetooth Kit for Car (Black),"Mar 08, 2016Excellent ProductAmazing Product Instant Installation Automatic Bluetooth connection once u pair Free Mobile Holder. One thing that's impt n missing s the usb charger."
Tantra Fluke Pro Bluetooth Receiver 4.1 Bluetooth Kit for Car (Black),Tantra Fluke  Excellent product. Good connectivity and sound clarity. Easy to use.
Tantra Fluke Pro Bluetooth Receiver 4.1 Bluetooth Kit for Car (Black),"Apr 04, 2016ExcellentProductAfter using several brands since six years .. And not satisfied with the voice calls .. While talking in car.. There were lots of noise even some of branded Bluetooth device .. Later I have chosen ""tantra fluke "" This is the best product with noise cancellation inside the car ! N at the best price .. Value for money ..!!"
Tantra Fluke Pro Bluetooth Receiver 4.1 Bluetooth Kit for Car (Black),Awesome product  The product is just awesome. Highly recommended. The only problem is adhesive tape is not so strong
Tantra Fluke Pro Bluetooth Receiver 4.1 Bluetooth Kit for Car (Black),Review  Very good one n easy to operate
Tantra Fluke Pro Bluetooth Receiver 4.1 Bluetooth Kit for Car (Black),Excellent reception and clarity  I had tried several Bluetooth handsfree gadgets prior to buying Tantra fluke. All of them disappointed me either by battery backup or clarity. After I installed Tantra Fluke it is perfectly working as per my desire. Connects very quickly. Clarity is superb and there is absolutely no lag. I recommend every car owner who does not have Bluetooth enabled music system to install it. The only drawback is the wire which I believe can be managed if tied and hide properly. Great product
Tantra Fluke Pro Bluetooth Receiver 4.1 Bluetooth Kit for Car (Black),"THE Best Bluetooth device  1) best voice calling device in terms of clarity & noice cancellation during the mobile call conversations 2) best sound output levering car speakers, clarity of sound has been exceptional that too when I relay Amazon music 3) very simple installation & works great with my iPhone especially"
Unique Retail 7 in 1 Electric Soldering/Welding Iron Kit For DIY/Crafts Tools Hardware,Its very bad quality not buy thus ....after 15 day its properly stoped work  Very bad...not buy this
Unique Retail 7 in 1 Electric Soldering/Welding Iron Kit For DIY/Crafts Tools Hardware,Best quality  Not working
Unique Retail 7 in 1 Electric Soldering/Welding Iron Kit For DIY/Crafts Tools Hardware,Quality is. Not good  Poor quality
Unique Retail 7 in 1 Electric Soldering/Welding Iron Kit For DIY/Crafts Tools Hardware,Don't order  Totally hopeless and very dull in quality. I ordered it but in a single use it failed and stopped working. I couldn't use it at least once.
Unique Retail 7 in 1 Electric Soldering/Welding Iron Kit For DIY/Crafts Tools Hardware,Soldering kit Very good product given by vendor Iron heating time just 25-30sec. Thanks snapdeal and their team and vendor also
Unique Retail 7 in 1 Electric Soldering/Welding Iron Kit For DIY/Crafts Tools Hardware,Quality is. Not good Poor quality
Unique Retail 7 in 1 Electric Soldering/Welding Iron Kit For DIY/Crafts Tools Hardware,Higher price  Worst quality high price
Unique Retail 7 in 1 Electric Soldering/Welding Iron Kit For DIY/Crafts Tools Hardware,Working  It's quality is very poor and not value for money...
Unique Retail 7 in 1 Electric Soldering/Welding Iron Kit For DIY/Crafts Tools Hardware,Cheap quality  Quality is not good
Unique Retail 7 in 1 Electric Soldering/Welding Iron Kit For DIY/Crafts Tools Hardware,Quality  Products quality very poor and Soldering wite is very less only 2 mtrs long
"Masala Rangoli Box Dabba for Keeping Spices, Spice Box for Kitchen, Plastic Wooden Style Masala Box, Masala Container, Masala Dabba",Super  Amazing product
"Masala Rangoli Box Dabba for Keeping Spices, Spice Box for Kitchen, Plastic Wooden Style Masala Box, Masala Container, Masala Dabba",Satisfied with the product quality  Good product
"Masala Rangoli Box Dabba for Keeping Spices, Spice Box for Kitchen, Plastic Wooden Style Masala Box, Masala Container, Masala Dabba",Good quality  Very nice product
"Masala Rangoli Box Dabba for Keeping Spices, Spice Box for Kitchen, Plastic Wooden Style Masala Box, Masala Container, Masala Dabba","Aug 20, 2022Good materialBest quality"
"Masala Rangoli Box Dabba for Keeping Spices, Spice Box for Kitchen, Plastic Wooden Style Masala Box, Masala Container, Masala Dabba",Very good  Good product
"Masala Rangoli Box Dabba for Keeping Spices, Spice Box for Kitchen, Plastic Wooden Style Masala Box, Masala Container, Masala Dabba",Nice product  Very nice product ilike it
"Masala Rangoli Box Dabba for Keeping Spices, Spice Box for Kitchen, Plastic Wooden Style Masala Box, Masala Container, Masala Dabba","Jul 08, 2022Masala rangoliSize is to small"
"Masala Rangoli Box Dabba for Keeping Spices, Spice Box for Kitchen, Plastic Wooden Style Masala Box, Masala Container, Masala Dabba",Masala rangoli box dabba for keeping spices .  Product quality is best and in best price also.
"Masala Rangoli Box Dabba for Keeping Spices, Spice Box for Kitchen, Plastic Wooden Style Masala Box, Masala Container, Masala Dabba",Great deal  A big deal
"Masala Rangoli Box Dabba for Keeping Spices, Spice Box for Kitchen, Plastic Wooden Style Masala Box, Masala Container, Masala Dabba",Afzal  Bhut acha hai
"Microvent Multi-purpose Plastic Kitchen Container Set with vent, 1800ml, 1100ml, 680ml, 360ml, Purple (4U)",Excellent offer  Very useful
"Microvent Multi-purpose Plastic Kitchen Container Set with vent, 1800ml, 1100ml, 680ml, 360ml, Purple (4U)",Great deal  Very good quality
"Microvent Multi-purpose Plastic Kitchen Container Set with vent, 1800ml, 1100ml, 680ml, 360ml, Purple (4U)",Very good Quality product  Very good Product
"Microvent Multi-purpose Plastic Kitchen Container Set with vent, 1800ml, 1100ml, 680ml, 360ml, Purple (4U)",Quality of the product  Super quality thank you snap Deal
"Microvent Multi-purpose Plastic Kitchen Container Set with vent, 1800ml, 1100ml, 680ml, 360ml, Purple (4U)",Quality  Very good quality
"Microvent Multi-purpose Plastic Kitchen Container Set with vent, 1800ml, 1100ml, 680ml, 360ml, Purple (4U)",Great deal  Good items
"Microvent Multi-purpose Plastic Kitchen Container Set with vent, 1800ml, 1100ml, 680ml, 360ml, Purple (4U)",Very good qulity  Best qulity
"Microvent Multi-purpose Plastic Kitchen Container Set with vent, 1800ml, 1100ml, 680ml, 360ml, Purple (4U)",Super  Great product
"Microvent Multi-purpose Plastic Kitchen Container Set with vent, 1800ml, 1100ml, 680ml, 360ml, Purple (4U)",Awesome  Good product I've bought
"Microvent Multi-purpose Plastic Kitchen Container Set with vent, 1800ml, 1100ml, 680ml, 360ml, Purple (4U)",Microwave container  Lovely product
Ezybe Self Adhesive Kichen Shelf Light Blue Plastic Storage Racks (Pack of 2),Very nice  Dureble and attractive
Ezybe Self Adhesive Kichen Shelf Light Blue Plastic Storage Racks (Pack of 2),Good 👍  Good product 👍
Ezybe Self Adhesive Kichen Shelf Light Blue Plastic Storage Racks (Pack of 2),nic e usefull product  nice productr
Ezybe Self Adhesive Kichen Shelf Light Blue Plastic Storage Racks (Pack of 2),Nice product  Very useful product
Ezybe Self Adhesive Kichen Shelf Light Blue Plastic Storage Racks (Pack of 2),Good one  Useful product
Ezybe Self Adhesive Kichen Shelf Light Blue Plastic Storage Racks (Pack of 2),Size is ok  Nice n attractive
Ezybe Self Adhesive Kichen Shelf Light Blue Plastic Storage Racks (Pack of 2),Nice and worth  Useful and worth buying
Ezybe Self Adhesive Kichen Shelf Light Blue Plastic Storage Racks (Pack of 2),Plastic storage rack  Quality is very good delivety staff was nice person. I appreciate this app.
Ezybe Self Adhesive Kichen Shelf Light Blue Plastic Storage Racks (Pack of 2),Great e  Very good product 💯
Ezybe Self Adhesive Kichen Shelf Light Blue Plastic Storage Racks (Pack of 2),V E R Y G O O D  Good product
Bentag kitchenware Vegetable & Fruit Clever Cutter Stainless Steel Vegetable Scissor,Not satisfied Not working properly...not cutting fully ....board is not equal...please replace....delay in delivery....
Bentag kitchenware Vegetable & Fruit Clever Cutter Stainless Steel Vegetable Scissor,Low quality steel blade and plastic  Improve blade and plastic quality
Bentag kitchenware Vegetable & Fruit Clever Cutter Stainless Steel Vegetable Scissor,"it's ok  It's ok, not bad"
Bentag kitchenware Vegetable & Fruit Clever Cutter Stainless Steel Vegetable Scissor,Not satisfied  Not working properly...not cutting fully ....board is not equal...please replace....delay in delivery....
Bentag kitchenware Vegetable & Fruit Clever Cutter Stainless Steel Vegetable Scissor,"A Good Buy Being in anticipation, that, it will add to my convenience & facility for cooking.. [I'm 63, staying/ doing all on my own] ..the main reason read more"
Bentag kitchenware Vegetable & Fruit Clever Cutter Stainless Steel Vegetable Scissor,No use  Did not cut even a tomato properly
Bentag kitchenware Vegetable & Fruit Clever Cutter Stainless Steel Vegetable Scissor,Not Satisfied  Goods very bad
Bentag kitchenware Vegetable & Fruit Clever Cutter Stainless Steel Vegetable Scissor,Product  Nice product
Bentag kitchenware Vegetable & Fruit Clever Cutter Stainless Steel Vegetable Scissor,"Jul 05, 2022ExcellentExcellent 👌"
Bentag kitchenware Vegetable & Fruit Clever Cutter Stainless Steel Vegetable Scissor,Just ok Average  Just ok not good Average
"BLAQUE 3 Ply Anti Viral, Anti Pollution Surgical Disposable Face Mask With Nose Pin & Meltblown Layer- Pack of 100 (Blue)","Value for Money Rs 4.30 per mask best price outside the market they are selling for Rs.10. Good thing is , it has nose clip . Quality is good"
"BLAQUE 3 Ply Anti Viral, Anti Pollution Surgical Disposable Face Mask With Nose Pin & Meltblown Layer- Pack of 100 (Blue)",Not 3 ply mask. It is single layer thin mask  Item described as 3 ply Mask. But what was delivered is thin single layer mask of poor quality
"BLAQUE 3 Ply Anti Viral, Anti Pollution Surgical Disposable Face Mask With Nose Pin & Meltblown Layer- Pack of 100 (Blue)",very poor quality product  very poor quality product as you try to wear on your face rubber bands are broken
"BLAQUE 3 Ply Anti Viral, Anti Pollution Surgical Disposable Face Mask With Nose Pin & Meltblown Layer- Pack of 100 (Blue)",Bad product  Not a good product. Waste of money
"BLAQUE 3 Ply Anti Viral, Anti Pollution Surgical Disposable Face Mask With Nose Pin & Meltblown Layer- Pack of 100 (Blue)",Worst product  Only one ply mask not 3 ply
"BLAQUE 3 Ply Anti Viral, Anti Pollution Surgical Disposable Face Mask With Nose Pin & Meltblown Layer- Pack of 100 (Blue)",Quality  Only single ply mask
"BLAQUE 3 Ply Anti Viral, Anti Pollution Surgical Disposable Face Mask With Nose Pin & Meltblown Layer- Pack of 100 (Blue)",Massk This mask is a Average .
"BLAQUE 3 Ply Anti Viral, Anti Pollution Surgical Disposable Face Mask With Nose Pin & Meltblown Layer- Pack of 100 (Blue)",Very poor quality  Very poor quality
"BLAQUE 3 Ply Anti Viral, Anti Pollution Surgical Disposable Face Mask With Nose Pin & Meltblown Layer- Pack of 100 (Blue)",Mask is very bad category quality  3layer mask ordered was sent 2 layer mask
"BLAQUE 3 Ply Anti Viral, Anti Pollution Surgical Disposable Face Mask With Nose Pin & Meltblown Layer- Pack of 100 (Blue)",Not good  Not good normal one
Automatic Wireless Electric Rechargeable Drinking Water Dispenser Pump for 20 Liter Bottle Can with USB Charging Cable (Assorted Color),"Not Working  Charged, did everything not working . Bad"
Automatic Wireless Electric Rechargeable Drinking Water Dispenser Pump for 20 Liter Bottle Can with USB Charging Cable (Assorted Color),"Performance of unit and charging  We have purchased two unit based on performance level not to satisfaction noted on your site by vendor. However, unit water discharge tube area water leakage plus charging of battery not working."
Automatic Wireless Electric Rechargeable Drinking Water Dispenser Pump for 20 Liter Bottle Can with USB Charging Cable (Assorted Color),Product charging unit damaged  Have charged only twice and USB charging unit is gone
Automatic Wireless Electric Rechargeable Drinking Water Dispenser Pump for 20 Liter Bottle Can with USB Charging Cable (Assorted Color),Damaged in pipe line  Bad and chip quality we need the changeg
Automatic Wireless Electric Rechargeable Drinking Water Dispenser Pump for 20 Liter Bottle Can with USB Charging Cable (Assorted Color),Satyam jha  Very bad quality products for snapdeal
Automatic Wireless Electric Rechargeable Drinking Water Dispenser Pump for 20 Liter Bottle Can with USB Charging Cable (Assorted Color),"Auto Drinking water dispenser It's very cute ,and easy to install, reachable , safe from contaminated hands...just switch on top of dispenser, get drinking water... freely.. S read more"
Automatic Wireless Electric Rechargeable Drinking Water Dispenser Pump for 20 Liter Bottle Can with USB Charging Cable (Assorted Color),Worst  Worst product . Within a week product product was not working
Automatic Wireless Electric Rechargeable Drinking Water Dispenser Pump for 20 Liter Bottle Can with USB Charging Cable (Assorted Color),"Leak at the spout .  Water trickling from the metal pipe when inserted ,found the rubber ring damaged and below the metal pipe on the body corner also water droplets leaking."
Automatic Wireless Electric Rechargeable Drinking Water Dispenser Pump for 20 Liter Bottle Can with USB Charging Cable (Assorted Color),Battery not working  Product not charging properly. Damged piece from supplier
Automatic Wireless Electric Rechargeable Drinking Water Dispenser Pump for 20 Liter Bottle Can with USB Charging Cable (Assorted Color),Average Quality is not good..
"Amar Push Up Bar Stand For Gym & Home Exercise, Strengthens Muscles of Arms, Abdomen and Shoulders for men and women",Very nice product  Home gym type product. Quality was very good
"Amar Push Up Bar Stand For Gym & Home Exercise, Strengthens Muscles of Arms, Abdomen and Shoulders for men and women","Very good.  As per my expectation I really feeling good over it, Thanks 🙏"
"Amar Push Up Bar Stand For Gym & Home Exercise, Strengthens Muscles of Arms, Abdomen and Shoulders for men and women",outstanding  material is too good
"Amar Push Up Bar Stand For Gym & Home Exercise, Strengthens Muscles of Arms, Abdomen and Shoulders for men and women",Loved it  Good for daily workout. Easy and comfortable to use.
"Amar Push Up Bar Stand For Gym & Home Exercise, Strengthens Muscles of Arms, Abdomen and Shoulders for men and women",BEST QUALITY  PERFECT FOR HOME GYM
"Amar Push Up Bar Stand For Gym & Home Exercise, Strengthens Muscles of Arms, Abdomen and Shoulders for men and women",Good one  Amazing Quality of the bar good for daily workout
"Amar Push Up Bar Stand For Gym & Home Exercise, Strengthens Muscles of Arms, Abdomen and Shoulders for men and women",good for workout  vrey usefulll for chest and arm workout
"Amar Push Up Bar Stand For Gym & Home Exercise, Strengthens Muscles of Arms, Abdomen and Shoulders for men and women",Product  nice product and Comfortable . high Stability
"Amar Push Up Bar Stand For Gym & Home Exercise, Strengthens Muscles of Arms, Abdomen and Shoulders for men and women",good for pushup bars  i trully recommended to others
"Amar Push Up Bar Stand For Gym & Home Exercise, Strengthens Muscles of Arms, Abdomen and Shoulders for men and women",Quality is very good  Very light weight and very good quality
"Double Spring Tummy Trimmer for Abs Exerciser,Body Toner and Fat Buster| For Men and Women",Amazing One  Quality is so good and very Easy to use
"Double Spring Tummy Trimmer for Abs Exerciser,Body Toner and Fat Buster| For Men and Women",quality is good  must buy this tummy trimmer as it works really good
"Double Spring Tummy Trimmer for Abs Exerciser,Body Toner and Fat Buster| For Men and Women",Amazing quality  must buy the trimmer
"Double Spring Tummy Trimmer for Abs Exerciser,Body Toner and Fat Buster| For Men and Women",Amazing Product  the spring is also very good and very easy to use
"Double Spring Tummy Trimmer for Abs Exerciser,Body Toner and Fat Buster| For Men and Women",Best quality  Thanks for you Snapdeal
"Double Spring Tummy Trimmer for Abs Exerciser,Body Toner and Fat Buster| For Men and Women",Awesome Quality  Superb Quality. easy to use . must buy. very helpful go for it
"Double Spring Tummy Trimmer for Abs Exerciser,Body Toner and Fat Buster| For Men and Women",Perfect product. excellent finishing  Lovely. i fell very well to buy this product
"Double Spring Tummy Trimmer for Abs Exerciser,Body Toner and Fat Buster| For Men and Women",Really very good  So happy must buy guys worth of money 👌👌
"Double Spring Tummy Trimmer for Abs Exerciser,Body Toner and Fat Buster| For Men and Women","spring is great and product is also amazinng  That""s product big spring not small spring like other sellers. this seller is great"
"Double Spring Tummy Trimmer for Abs Exerciser,Body Toner and Fat Buster| For Men and Women",Quality is good  Amazing product good for daily home gym
Next Queen-1500 Liter Watt Stainless Steel Electric Kettle,Super  Superrrrrrrrrr
Next Queen-1500 Liter Watt Stainless Steel Electric Kettle,Good quality  Good quality..working fine
Next Queen-1500 Liter Watt Stainless Steel Electric Kettle,Gd product  Very good kettle bbut wire is to shot other wise very ggd
Next Queen-1500 Liter Watt Stainless Steel Electric Kettle,Very efficient item  Till date no issue. Working efficiently.
Next Queen-1500 Liter Watt Stainless Steel Electric Kettle,Good Product  I am using this from last 2 years Still it is working fine
Next Queen-1500 Liter Watt Stainless Steel Electric Kettle,Worth the money  Cheap and worthy
Next Queen-1500 Liter Watt Stainless Steel Electric Kettle,"Mar 28, 2016Excellent Productgood product. I am using it since 4 month. Value for money."
Next Queen-1500 Liter Watt Stainless Steel Electric Kettle,"Dec 13, 2022Gd productVery good kettle bbut wire is to shot other wise very ggd"
Next Queen-1500 Liter Watt Stainless Steel Electric Kettle,"Electrical kettle  Very good appliances, quality products with great discount"
Next Queen-1500 Liter Watt Stainless Steel Electric Kettle,"May 07, 2016Good Productit is a good product."
sweat BELT hot shapers hot shaper sauna tummy trimmer slimming belt,Awesome product  Best for weight loss and exercise
sweat BELT hot shapers hot shaper sauna tummy trimmer slimming belt,Best product  Super service
sweat BELT hot shapers hot shaper sauna tummy trimmer slimming belt,GOOD BELT  GOOD HOT SHAPER
sweat BELT hot shapers hot shaper sauna tummy trimmer slimming belt,Nice product  Fast delivery
sweat BELT hot shapers hot shaper sauna tummy trimmer slimming belt,EXCELLENT HOT SHARPER  EXCELLENT HOT SHARPER
sweat BELT hot shapers hot shaper sauna tummy trimmer slimming belt,Good product  Good product
sweat BELT hot shapers hot shaper sauna tummy trimmer slimming belt,GOOD HOT SHARPER  GOOD HOT SHARPER
sweat BELT hot shapers hot shaper sauna tummy trimmer slimming belt,Nice products  Nice products
sweat BELT hot shapers hot shaper sauna tummy trimmer slimming belt,Product  Product is of good quality
sweat BELT hot shapers hot shaper sauna tummy trimmer slimming belt,good hot sharper  good hot sharper
UNICAL Shock Resistant Cable Protector for Smartphones and Tablets ( Multicolor ),best Delivery time  very good and best
UNICAL Shock Resistant Cable Protector for Smartphones and Tablets ( Multicolor ),Bad quality  Not up to the mark
UNICAL Shock Resistant Cable Protector for Smartphones and Tablets ( Multicolor ),UNICAL Shock Resistant Cable Protector  worth for the money
UNICAL Shock Resistant Cable Protector for Smartphones and Tablets ( Multicolor ),Very nice  Quality very nice
UNICAL Shock Resistant Cable Protector for Smartphones and Tablets ( Multicolor ),Super nice  Super gold
UNICAL Shock Resistant Cable Protector for Smartphones and Tablets ( Multicolor ),"Not good  Meterial very soft&size not correct,not use full"
UNICAL Shock Resistant Cable Protector for Smartphones and Tablets ( Multicolor ),Best product with low cost  It's genuinely a good product in this price range. In this price you can't get anywhere this product.
UNICAL Shock Resistant Cable Protector for Smartphones and Tablets ( Multicolor ),Nice product  Very protected cable product
UNICAL Shock Resistant Cable Protector for Smartphones and Tablets ( Multicolor ),Nice Product  Bhut Acha hai
UNICAL Shock Resistant Cable Protector for Smartphones and Tablets ( Multicolor ),Very reasonably priced good quality item.  Very useful for mobile charger and other small adopters. Recommend for use to protect charging cables.
dust n shine Multicolor Stainless Steel Steal scrubber pack of 12 ( Set of 12 ),Poor quality Very poor quality 😢
dust n shine Multicolor Stainless Steel Steal scrubber pack of 12 ( Set of 12 ),Stainless steel cloth pack It's really awesome product....great 👌 I recommend everyone to go for it...good purchase 👍👍👍
dust n shine Multicolor Stainless Steel Steal scrubber pack of 12 ( Set of 12 ),Bad product  Bad product
dust n shine Multicolor Stainless Steel Steal scrubber pack of 12 ( Set of 12 ),WORTHLESS PRODUCT  This product is nothing more than a piece of rag!!!
dust n shine Multicolor Stainless Steel Steal scrubber pack of 12 ( Set of 12 ),Poor quality  Very poor quality 😢
dust n shine Multicolor Stainless Steel Steal scrubber pack of 12 ( Set of 12 ),Poor quality  Very poor quality
dust n shine Multicolor Stainless Steel Steal scrubber pack of 12 ( Set of 12 ),Poor quality  Poor quality
dust n shine Multicolor Stainless Steel Steal scrubber pack of 12 ( Set of 12 ),Just a cloth can not rubb the utensils  Not satisfied
dust n shine Multicolor Stainless Steel Steal scrubber pack of 12 ( Set of 12 ),Poor quality and size  Bad product not good for wash the utensils
dust n shine Multicolor Stainless Steel Steal scrubber pack of 12 ( Set of 12 ),Very bad quality  Product quality very bad
Dealcrox-Digital Display 0.1 g to 200 g Mini Pocket Weight Scale Measurement Jewellery Weighing Machine (Multicolor),Dealcrox Digital display mini weighing instrument Very Convenient to carry in purse.Good Piece BUT OLD & DEFECTIVE BATTERIES.
Dealcrox-Digital Display 0.1 g to 200 g Mini Pocket Weight Scale Measurement Jewellery Weighing Machine (Multicolor),Low kwality product  Not good wait proper nhi batata
Dealcrox-Digital Display 0.1 g to 200 g Mini Pocket Weight Scale Measurement Jewellery Weighing Machine (Multicolor),Waste  The material is very bad
Dealcrox-Digital Display 0.1 g to 200 g Mini Pocket Weight Scale Measurement Jewellery Weighing Machine (Multicolor),"Accuracy problem  Giving error as high as 0.3gm. Even the error becomes more, if device is placed on slightly slopy surface"
Dealcrox-Digital Display 0.1 g to 200 g Mini Pocket Weight Scale Measurement Jewellery Weighing Machine (Multicolor),About  Bekar bilkul. Accuracy zero
Dealcrox-Digital Display 0.1 g to 200 g Mini Pocket Weight Scale Measurement Jewellery Weighing Machine (Multicolor),"Jewellery mini weighting scale  Sender have to check whether this scale is working or not, the cells is not giving power. The wire to battery disconnected, hence I see it and sidore this wire, and replace with another new sales, then it is working"
Dealcrox-Digital Display 0.1 g to 200 g Mini Pocket Weight Scale Measurement Jewellery Weighing Machine (Multicolor),Not working as Instruction inside the package  Quality not satisfied me
Dealcrox-Digital Display 0.1 g to 200 g Mini Pocket Weight Scale Measurement Jewellery Weighing Machine (Multicolor),Not good  Average product
Dealcrox-Digital Display 0.1 g to 200 g Mini Pocket Weight Scale Measurement Jewellery Weighing Machine (Multicolor),Sycko  Good product
Dealcrox-Digital Display 0.1 g to 200 g Mini Pocket Weight Scale Measurement Jewellery Weighing Machine (Multicolor),"Accuracy problem Giving error as high as 0.3gm. Even the error becomes more, if device is placed on slightly slopy surface"
"Nutriley Muscle Gainer Capsules, Mass Gainer, Increase Muscle Mass & Strength, 60 Capsules",Good product 👌👍  The product is very awesome. All the ingredients are natural and effective
"Nutriley Muscle Gainer Capsules, Mass Gainer, Increase Muscle Mass & Strength, 60 Capsules",nice result  very good product
"Nutriley Muscle Gainer Capsules, Mass Gainer, Increase Muscle Mass & Strength, 60 Capsules",Nice gaining this product ❤😇😇  amazing taste and quality is good Best mass gainer
"Nutriley Muscle Gainer Capsules, Mass Gainer, Increase Muscle Mass & Strength, 60 Capsules",best product  this is very super product good taste
"Nutriley Muscle Gainer Capsules, Mass Gainer, Increase Muscle Mass & Strength, 60 Capsules",very power full product  very nice product . give me better result for me
"Nutriley Muscle Gainer Capsules, Mass Gainer, Increase Muscle Mass & Strength, 60 Capsules",nice product  Nutriley un flavoured Mass Gainer is a really effective product ...✔✔✔👌
"Nutriley Muscle Gainer Capsules, Mass Gainer, Increase Muscle Mass & Strength, 60 Capsules",best product  help me to gain wait
"Nutriley Muscle Gainer Capsules, Mass Gainer, Increase Muscle Mass & Strength, 60 Capsules",excellent  Good quality it's Awesome. it's useful to me good results thank u
"Nutriley Muscle Gainer Capsules, Mass Gainer, Increase Muscle Mass & Strength, 60 Capsules",very nice product  Nutriley un flavoured Mass Gainer is amamzing product 💖💖💖💖
"Nutriley Muscle Gainer Capsules, Mass Gainer, Increase Muscle Mass & Strength, 60 Capsules",this amazing  wow amzaing product am so happy
BLUE-46Pcs Wrench Socket Screwdriver Set For Car/Motorcycle & Home Repairing Tool Kit,"EXCELLENT  NICE PRODUCT , VERY USEFULL , EASY TO USE"
BLUE-46Pcs Wrench Socket Screwdriver Set For Car/Motorcycle & Home Repairing Tool Kit,good product  nice deal good qulity
BLUE-46Pcs Wrench Socket Screwdriver Set For Car/Motorcycle & Home Repairing Tool Kit,Amazing product. Fast delivery  Received the product in just 1 day. amazing packaging and build quality.
BLUE-46Pcs Wrench Socket Screwdriver Set For Car/Motorcycle & Home Repairing Tool Kit,nice product  thankyou snapdeal
BLUE-46Pcs Wrench Socket Screwdriver Set For Car/Motorcycle & Home Repairing Tool Kit,GREAT PRODUCT  COMPACT USEFULL CAR KIT
BLUE-46Pcs Wrench Socket Screwdriver Set For Car/Motorcycle & Home Repairing Tool Kit,Tool kit  Best item in cheep rate
BLUE-46Pcs Wrench Socket Screwdriver Set For Car/Motorcycle & Home Repairing Tool Kit,"Everything  Very good 👍 product,"
BLUE-46Pcs Wrench Socket Screwdriver Set For Car/Motorcycle & Home Repairing Tool Kit,Awesome product Thanks Snapdeal  Thanks Snapdeal
BLUE-46Pcs Wrench Socket Screwdriver Set For Car/Motorcycle & Home Repairing Tool Kit,Nice Product  Nice Quality Thanks Snapdeal
BLUE-46Pcs Wrench Socket Screwdriver Set For Car/Motorcycle & Home Repairing Tool Kit,best qulity  good qulity best
"Dynore Stainless Steel 2 in 1 Partition Plate for Kitchen Serving, 22cm Length per unit, (Pack of 6)",Paise ke according poor quality hai..  Poor quality n very light in weight
"Dynore Stainless Steel 2 in 1 Partition Plate for Kitchen Serving, 22cm Length per unit, (Pack of 6)",It’s okay  Ok its okay
"Dynore Stainless Steel 2 in 1 Partition Plate for Kitchen Serving, 22cm Length per unit, (Pack of 6)",Paise ke according poor quality hai.. Poor quality n very light in weight
"Dynore Stainless Steel 2 in 1 Partition Plate for Kitchen Serving, 22cm Length per unit, (Pack of 6)",Ok for low price  Ok for such price
"Dynore Stainless Steel 2 in 1 Partition Plate for Kitchen Serving, 22cm Length per unit, (Pack of 6)",Good buy.  Value for money. Excellent product.
"Dynore Stainless Steel 2 in 1 Partition Plate for Kitchen Serving, 22cm Length per unit, (Pack of 6)",Steel tiffen plates  Good and useful product.a bit bigger size is required
"Dynore Stainless Steel 2 in 1 Partition Plate for Kitchen Serving, 22cm Length per unit, (Pack of 6)",Steel partition plate  Stainless steel partition👌plate 2in 1
"Dynore Stainless Steel 2 in 1 Partition Plate for Kitchen Serving, 22cm Length per unit, (Pack of 6)",Steel partition plate Stainless steel partition👌plate 2in 1
"Dynore Stainless Steel 2 in 1 Partition Plate for Kitchen Serving, 22cm Length per unit, (Pack of 6)",Two in one plates  Reasonably worth the value.
"Dynore Stainless Steel 2 in 1 Partition Plate for Kitchen Serving, 22cm Length per unit, (Pack of 6)","Unhaapy  Very thin material,the plates gets dents very easily"
